Title,Description
Donors pledge over $2bn for Gaza at Kuwait conference,Blinken says Israel lacks  credible plan  protect 14 million civilians sheltering Rafah 
Situation in AJK calms down after 2 days of violent clashes,Rangers deployment withdrawn  JAAC leader open negotiations govt 
Hero’s welcome for hockey team in Lahore after winning silver medal in Azlan Shah Cup,PM  Youth Programme Chairman Mashhood says government support team reward efforts accordingly 
"After months of speculation, Miftah Ismail confirms he’s forming new political party",Former PMLN leader promises new party  speak hopes aspirations Pakistanis  
IMF mission to meet Pakistani authorities next week to discuss ‘next phase of engagement’: official,aim lay foundation better governance  inclusive resilient economic growth  says Esther Perez Ruiz 
"No such thing as strategic state-owned enterprises, says Finance Minister Aurangzeb",Says longer  larger IMF programme needed bring  permanence macroeconomic stability structural reforms  
"Fight till the last ball, PCB chief tells cricket team in Dublin",Says T20 cricket needs unique aggressive approach 
Canada arrests fourth Indian national in killing of Sikh activist,Indian national already held unrelated gun charges 
Second night of auroras seen amid ‘extreme’ solar storm,major disruptions power communications networks appear reported time around 
ADB links support with IMF’s clean chit,Bank  top official says Pakistan sorted immediate liquidity crisis  still ICU 
Is PTI Ready to Apologise for May 9th?,Description found
What On Earth Does The Government Want From Us?,Description found
How Israel’s Killer Robots In Gaza Are Redefining Automated Warfare?,Description found
Top News Stories: Pakistan’s Lunar Mission,Description found
Why Are Israel And Its Western Allies On The Edge Over ICC Arrest Warrants?,Description found
May 9,Description found
Top News Stories: Modi Aggression In Kashmir,Description found
Americans Are Upset Over US Supporting Violence Against Palestinians,Description found
"May 12, 2007 — the day Karachi went berserk",Description found
Mother’s Day: Reflections of a mother,Description found
Concerns that Modi’s rhetoric might incite further violence against Indian Muslims are increasing,Description found
FIFA’s foul on Pakistan football,Description found
Who can rock the hybrid boat?,Description found
Challenges working mothers face in the corporate sector,Description found
Looming pension crisis cries out for corrective measures,Description found
Smokers’ corner: Khan and the generals,Description found
Editorial: It is imperative for the state to reconsider its approach to human rights,Description found
Love knows no boundaries at Karachi’s Edhi Home nursery for special children,Description found
Documentary on Dr Aafia Siddiqui launched in Karachi,Description found
To draw or not to draw,Let s find Din Din  Delma Dazel week 
Pakistan’s moment of youth,Description found
Pakistan’s iCube-Qamar beams back first images from moon’s orbit,country s inaugural lunar satellite part China  Chang  e6 mission 
Ruling coalition loses 27 reserved seats in Punjab,Speaker suspends PMLN  23  PPP  two  one member PMLQ  IPP 
PIA staff forgets to put boy’s body on plane,Shocked parents  relatives protest airline management  negligence Skardu airport 
Downside risks for Pakistan remain exceptionally high: IMF, Political uncertainty remains significant   Fund says despite govt indicating intention continue standby arrangement policies 
Pakistan remain unbeaten in Azlan Shah Cup as match with New Zealand ends in tie,face leading Japan final 530pm tomorrow  Information Minister Attaullah Tarar says team s achievements highlighted across media 
Who can rock the hybrid boat?,chief able weather storm  appears far secure 
Insurgency and social change,Description found
Indian elections,Description found
Overflowing cups,Description found
The lethal troika,Description found
A turbulent 2023,Govt must ensure judiciary s independence  respect democratic processes  protection citizens abuse power 
A moral victory,UN General Assembly overwhelmingly voted Friday favour granting Palestine greater rights 
Hope after defeat,Saturday  fallen behind Japan first quarter Sultan Azlan Shah Cup final  Pakistan showed 
Title not found,Description found
The lethal troika,situation necessitates fundamental shift terrorist threat assessment Pakistan 
The net metering dead end,big problem Pakistan  power bureaucracy state insists setting price electricity manually  using outmoded formulae 
An inclusive judiciary,detailed deliberations JCP need made public  reasons selecting certain candidates nomination must disclosed 
Child marriages,Almost 19m girls Pakistan married turn 18 
Education emergency,current situation result choices made still making 
Street safety,Traditional policing methods may result faulty investigations 
IMF mission to meet Pakistani authorities next week to discuss ‘next phase of engagement’: official,Description found
"No such thing as strategic state-owned enterprises, says Finance Minister Aurangzeb",Description found
ADB links support with IMF’s clean chit,Description found
Areas of cooperation with Saudi Arabia identified: PM Shehbaz,Description found
IMF endorses status quo in SBP’s policy rate,Description found
Exports to Europe fall despite GSP+,Description found
Hero’s welcome for hockey team in Lahore after winning silver medal in Azlan Shah Cup,Description found
"Fight till the last ball, PCB chief tells cricket team in Dublin",Description found
FIFA’s foul on Pakistan football,Description found
"Bednarek storms to 200m triumph in Doha, Neeraj Chopra falls short",Description found
Real Madrid eagerly awaits Mbappe after PSG exit confirmed,Description found
Djokovic bottle strike overshadows Rome Open cruise past Moutet,Description found
Second night of auroras seen amid ‘extreme’ solar storm,Description found
Canada arrests fourth Indian national in killing of Sikh activist,Description found
Israel orders Palestinians to evacuate from more areas of Rafah,Description found
UAE hits out at Netanyahu for saying it may help run Gaza,Description found
Washington says use of its weapons by Tel Aviv in Gaza violated law,Description found
Delhi CM Kejriwal exhorts Indians to resist ‘dictatorship’,Description found
"Men must take the lead in standing up against sexual harassment, says Hamza Ali Abbasi",Description found
We asked moms what they want for Mother’s Day — no it isn’t kurtas and candles,pinch love  dash appreciation cup FULL peace recipe perfect Mother s Day present 
Going loco for local: Jugnu’s Chief Saab candle is the ultimate Karachi kid nostalgia,may smell like Chief Saab  think  smells nice s matters 
Fistula and child marriages: The two epidemics plaguing women in Gilgit-Baltistan,Description found
2024 Elections: What’s at stake for India’s minorities?,Could third term Narendra Modi see formalising secondclass status minorities destruction country  ancient composite culture 
From screens to streets: How Gen Z is disrupting the status quo and redefining activism,s safe say kids fine  adults running world problem 
"Art group employs brainwaves, AI to  recreate landscapes",Description found
Pakistan’s iCube-Qamar beams back first images from moon’s orbit,country s inaugural lunar satellite part China  Chang  e6 mission 
"People with two copies of a risk gene have genetic form of Alzheimer’s, say scientists",Study set redefine carriers  new genetic form  mindwasting disease 
FIFA’S FOUL ON PAKISTAN FOOTBALL,Description found
ESSAY: WE’RE READY FOR YOUR CLOSE-UP NOW,Diary entries former actor reflect desire conform norms entertainment industry allowed
FOOTBALL: GIRLS KICKING MOUNTAINS,Zahra Afzal runs Women  Football Academy Hazara Town  Quetta  made get apparently thankless job 
STYLE; ALL ABOUT MY MOTHER,Description found
"SOUNDSCAPE: AND NOW, AI MUSIC",AI generate entire songs demand  mean music know 
THE GRAPEVINE,Indian playback singer Arijit Singh recently concert Dubai  venue bursting seams
Packaging film sector on the rise,Description found
Tax reforms — easier than expected,Description found
Wheat’s tricky procurement,Description found
Echoes of love,Description found
Mailbox,Description found
Mother’s Day: A letter to my mum,Description found
Challenges working mothers face in the corporate sector,Description found
"Samiya Mumtaz: “To act commercially felt like I was selling my soul to earn, but I put myself out there.”",Description found
How digitisation can affect agri-financing,Description found
State Grid Anhui Electric Power Research Institute uses digital tools to prevent floods,Description found
2024 Zambia-China Culture and Tourism Year kicks off in Beijing,Description found
Onus on US to stop Gaza conflict and grant Palestine full UN membership,Description found
State Grid Anhui Electric Power Research Institute uses digital tools to prevent floods,Description found
2024 Zambia-China Culture and Tourism Year kicks off in Beijing,Description found
Onus on US to stop Gaza conflict and grant Palestine full UN membership,Description found
